Team_ID,Composition,Probability,Expected_Payoff,In_Support
3,"Ant, Ant, Fish",0.30472335612241214,2.2012319379090678e-14,True
246,"Fish, Ant, Fish",0.3021949611441966,3.00318125586169e-15,True
1,"Ant, Ant, Beaver",0.16677708591900278,-1.3862504693422986e-14,True
244,"Fish, Ant, Beaver",0.14213342515076172,-1.432924508825258e-14,True
296,"Fish, Mosquito, Pig",0.08172077369084103,0.003268830874518675,True
260,"Fish, Beaver, Pig",0.0024503979726964906,-0.054507755701125725,True
5,"Ant, Ant, Mosquito",8.985937783776175e-14,-0.0037431745230258676,False
320,"Fish, Pig, Mosquito",1.4248384592807734e-14,0.0008989285437299432,False
464,"Mosquito, Mouse, Mosquito",0.0,-0.8938932934741203,False
483,"Mosquito, Pig, Mouse",0.0,-0.9813737901075348,False
485,"Mosquito, Pig, Pig",0.0,-0.4584319418370571,False
486,"Mouse, Ant, Ant",0.0,-0.8040943063841598,False
462,"Mosquito, Mouse, Fish",0.0,-0.8693374693988187,False
487,"Mouse, Ant, Beaver",0.0,-0.4153820626904921,False
461,"Mosquito, Mouse, Cricket",0.0,-0.9158288283364631,False
488,"Mouse, Ant, Cricket",0.0,-0.7207403416781807,False
489,"Mouse, Ant, Fish",0.0,-0.6878052063231661,False
490,"Mouse, Ant, Horse",0.0,-1.0000000000000149,False
491,"Mouse, Ant, Mosquito",0.0,-0.6411476306471962,False
492,"Mouse, Ant, Mouse",0.0,-0.9422234140332291,False
493,"Mouse, Ant, Otter",0.0,-0.9158288283364773,False
494,"Mouse, Ant, Pig",0.0,-1.0000000000000149,False
495,"Mouse, Beaver, Ant",0.0,-1.0000000000000149,False
496,"Mouse, Beaver, Beaver",0.0,-1.0000000000000149,False
497,"Mouse, Beaver, Cricket",0.0,-1.0000000000000149,False
498,"Mouse, Beaver, Fish",0.0,-0.9465546128566635,False
499,"Mouse, Beaver, Horse",0.0,-1.0000000000000149,False
484,"Mosquito, Pig, Otter",0.0,-0.9624121206443219,False
482,"Mosquito, Pig, Mosquito",0.0,-0.7129670363433669,False
465,"Mosquito, Mouse, Mouse",0.0,-1.0000000000000149,False
481,"Mosquito, Pig, Horse",0.0,-0.9532495581551799,False
466,"Mosquito, Mouse, Otter",0.0,-0.9461460093778777,False
467,"Mosquito, Mouse, Pig",0.0,-0.9582634599173234,False
468,"Mosquito, Otter, Ant",0.0,-0.9345220568236436,False
469,"Mosquito, Otter, Beaver",0.0,-0.7863660076598754,False
470,"Mosquito, Otter, Cricket",0.0,-0.861056308725004,False
471,"Mosquito, Otter, Fish",0.0,-0.8448506479762199,False
472,"Mosquito, Otter, Horse",0.0,-0.9611646245060439,False
473,"Mosquito, Otter, Mosquito",0.0,-0.720670069255051,False
463,"Mosquito, Mouse, Horse",0.0,-0.9805271783147074,False
474,"Mosquito, Otter, Mouse",0.0,-0.9421465935953757,False
475,"Mosquito, Otter, Otter",0.0,-0.9081556518444398,False
476,"Mosquito, Otter, Pig",0.0,-0.48255254494355954,False
477,"Mosquito, Pig, Ant",0.0,-0.9348525805146046,False
478,"Mosquito, Pig, Beaver",0.0,-0.755972156556149,False
500,"Mouse, Beaver, Mosquito",0.0,-0.9715149818425937,False
479,"Mosquito, Pig, Cricket",0.0,-0.8934533639813457,False
480,"Mosquito, Pig, Fish",0.0,-0.8498979381670513,False
0,"Ant, Ant, Ant",0.0,-0.30860151759341636,False
502,"Mouse, Beaver, Otter",0.0,-1.0000000000000149,False
501,"Mouse, Beaver, Mouse",0.0,-1.0000000000000149,False
524,"Mouse, Horse, Cricket",0.0,-1.0000000000000149,False
526,"Mouse, Horse, Horse",0.0,-1.0000000000000149,False
527,"Mouse, Horse, Mosquito",0.0,-0.9808712147829499,False
528,"Mouse, Horse, Mouse",0.0,-1.0000000000000149,False
529,"Mouse, Horse, Otter",0.0,-1.0000000000000149,False
530,"Mouse, Horse, Pig",0.0,-1.0000000000000149,False
531,"Mouse, Mosquito, Ant",0.0,-0.9727138379561484,False
532,"Mouse, Mosquito, Beaver",0.0,-0.9725806598093836,False
533,"Mouse, Mosquito, Cricket",0.0,-0.9445639113354042,False
534,"Mouse, Mosquito, Fish",0.0,-0.8719430271959991,False
535,"Mouse, Mosquito, Horse",0.0,-0.9782062802053824,False
536,"Mouse, Mosquito, Mosquito",0.0,-0.919326269595377,False
537,"Mouse, Mosquito, Mouse",0.0,-1.0000000000000149,False
538,"Mouse, Mosquito, Otter",0.0,-0.9634708119780254,False
539,"Mouse, Mosquito, Pig",0.0,-0.9527310797149229,False
540,"Mouse, Mouse, Ant",0.0,-1.0000000000000149,False
541,"Mouse, Mouse, Beaver",0.0,-1.0000000000000149,False
542,"Mouse, Mouse, Cricket",0.0,-1.0000000000000149,False
543,"Mouse, Mouse, Fish",0.0,-1.0000000000000149,False
544,"Mouse, Mouse, Horse",0.0,-1.0000000000000149,False
525,"Mouse, Horse, Fish",0.0,-0.9737676332818899,False
523,"Mouse, Horse, Beaver",0.0,-1.0000000000000149,False
459,"Mosquito, Mouse, Ant",0.0,-0.9709829969578618,False
522,"Mouse, Horse, Ant",0.0,-1.0000000000000149,False
503,"Mouse, Beaver, Pig",0.0,-1.0000000000000149,False
504,"Mouse, Cricket, Ant",0.0,-1.0000000000000149,False
505,"Mouse, Cricket, Beaver",0.0,-1.0000000000000149,False
506,"Mouse, Cricket, Cricket",0.0,-1.0000000000000149,False
507,"Mouse, Cricket, Fish",0.0,-0.9472083803710853,False
508,"Mouse, Cricket, Horse",0.0,-1.0000000000000149,False
509,"Mouse, Cricket, Mosquito",0.0,-0.9711357831990722,False
510,"Mouse, Cricket, Mouse",0.0,-1.0000000000000149,False
511,"Mouse, Cricket, Otter",0.0,-1.0000000000000149,False
512,"Mouse, Cricket, Pig",0.0,-1.0000000000000149,False
513,"Mouse, Fish, Ant",0.0,-0.941897755611456,False
514,"Mouse, Fish, Beaver",0.0,-0.7998460501822631,False
515,"Mouse, Fish, Cricket",0.0,-0.8854299251380238,False
516,"Mouse, Fish, Fish",0.0,-0.9158288283364631,False
517,"Mouse, Fish, Horse",0.0,-0.9718075585095363,False
518,"Mouse, Fish, Mosquito",0.0,-0.8378849406581144,False
519,"Mouse, Fish, Mouse",0.0,-0.9429601241691978,False
520,"Mouse, Fish, Otter",0.0,-0.9431235660477982,False
521,"Mouse, Fish, Pig",0.0,-0.439340820366661,False
460,"Mosquito, Mouse, Beaver",0.0,-0.9724490706969924,False
456,"Mosquito, Mosquito, Mouse",0.0,-0.8883449437862613,False
458,"Mosquito, Mosquito, Pig",0.0,-0.2484451111620692,False
413,"Mosquito, Ant, Pig",0.0,-0.5046078044952685,False
393,"Horse, Otter, Mouse",0.0,-1.0000000000000149,False
394,"Horse, Otter, Otter",0.0,-1.0000000000000149,False
395,"Horse, Otter, Pig",0.0,-0.9146101329240288,False
396,"Horse, Pig, Ant",0.0,-1.0000000000000149,False
397,"Horse, Pig, Beaver",0.0,-0.9191131109435189,False
398,"Horse, Pig, Cricket",0.0,-1.0000000000000149,False
399,"Horse, Pig, Fish",0.0,-0.9727869820102573,False
400,"Horse, Pig, Horse",0.0,-1.0000000000000149,False
401,"Horse, Pig, Mosquito",0.0,-0.9443949501057745,False
402,"Horse, Pig, Mouse",0.0,-1.0000000000000149,False
403,"Horse, Pig, Otter",0.0,-1.0000000000000149,False
404,"Horse, Pig, Pig",0.0,-0.6839084666749617,False
405,"Mosquito, Ant, Ant",0.0,-0.6067304208560296,False
406,"Mosquito, Ant, Beaver",0.0,-0.2503517135945448,False
407,"Mosquito, Ant, Cricket",0.0,-0.4953528454235508,False
408,"Mosquito, Ant, Fish",0.0,-0.3448922320747878,False
409,"Mosquito, Ant, Horse",0.0,-0.8542054811193264,False
410,"Mosquito, Ant, Mosquito",0.0,-0.3084314926011924,False
411,"Mosquito, Ant, Mouse",0.0,-0.8571606712654448,False
392,"Horse, Otter, Mosquito",0.0,-0.9618143429508148,False
391,"Horse, Otter, Horse",0.0,-1.0000000000000149,False
390,"Horse, Otter, Fish",0.0,-0.9732773052106003,False
379,"Horse, Mouse, Beaver",0.0,-1.0000000000000149,False
371,"Horse, Mosquito, Cricket",0.0,-0.9247302669220148,False
372,"Horse, Mosquito, Fish",0.0,-0.8813704157040414,False
373,"Horse, Mosquito, Horse",0.0,-0.9806370768542236,False
374,"Horse, Mosquito, Mosquito",0.0,-0.8137868833050012,False
375,"Horse, Mosquito, Mouse",0.0,-0.9818298075937149,False
376,"Horse, Mosquito, Otter",0.0,-0.9623288071634928,False
377,"Horse, Mosquito, Pig",0.0,-0.6149722765843936,False
378,"Horse, Mouse, Ant",0.0,-1.0000000000000149,False
380,"Horse, Mouse, Cricket",0.0,-1.0000000000000149,False
389,"Horse, Otter, Cricket",0.0,-0.9716441190663996,False
381,"Horse, Mouse, Fish",0.0,-0.9722149390883414,False
382,"Horse, Mouse, Horse",0.0,-1.0000000000000149,False
383,"Horse, Mouse, Mosquito",0.0,-0.9799796344782121,False
384,"Horse, Mouse, Mouse",0.0,-1.0000000000000149,False
385,"Horse, Mouse, Otter",0.0,-1.0000000000000149,False
386,"Horse, Mouse, Pig",0.0,-1.0000000000000149,False
387,"Horse, Otter, Ant",0.0,-1.0000000000000102,False
388,"Horse, Otter, Beaver",0.0,-1.0000000000000102,False
412,"Mosquito, Ant, Otter",0.0,-0.6581114997080407,False
414,"Mosquito, Beaver, Ant",0.0,-0.918153396871614,False
457,"Mosquito, Mosquito, Otter",0.0,-0.8538962852934253,False
415,"Mosquito, Beaver, Beaver",0.0,-0.7353991452074102,False
438,"Mosquito, Fish, Mouse",0.0,-0.822503806153404,False
439,"Mosquito, Fish, Otter",0.0,-0.8028666362715001,False
440,"Mosquito, Fish, Pig",0.0,-0.15067698515423744,False
441,"Mosquito, Horse, Ant",0.0,-0.9635770390047307,False
442,"Mosquito, Horse, Beaver",0.0,-0.860622186363666,False
443,"Mosquito, Horse, Cricket",0.0,-0.9214785888315021,False
444,"Mosquito, Horse, Fish",0.0,-0.8803847248077449,False
445,"Mosquito, Horse, Horse",0.0,-0.9804050262748625,False
446,"Mosquito, Horse, Mosquito",0.0,-0.8139305545876365,False
447,"Mosquito, Horse, Mouse",0.0,-0.9793944829709591,False
448,"Mosquito, Horse, Otter",0.0,-0.9627733099696449,False
449,"Mosquito, Horse, Pig",0.0,-0.6186011934030883,False
450,"Mosquito, Mosquito, Ant",0.0,-0.7875169540675475,False
451,"Mosquito, Mosquito, Beaver",0.0,-0.4810749609148795,False
452,"Mosquito, Mosquito, Cricket",0.0,-0.7139420961197047,False
453,"Mosquito, Mosquito, Fish",0.0,-0.6815018251835228,False
454,"Mosquito, Mosquito, Horse",0.0,-0.814788413266531,False
455,"Mosquito, Mosquito, Mosquito",0.0,-0.3887128292573521,False
546,"Mouse, Mouse, Mouse",0.0,-1.0000000000000149,False
437,"Mosquito, Fish, Mosquito",0.0,-0.24885556811474172,False
436,"Mosquito, Fish, Horse",0.0,-0.5888380289546279,False
435,"Mosquito, Fish, Fish",0.0,-0.5336504720515273,False
424,"Mosquito, Cricket, Beaver",0.0,-0.7389961499101325,False
416,"Mosquito, Beaver, Cricket",0.0,-0.8610449392491439,False
417,"Mosquito, Beaver, Fish",0.0,-0.8313995515811432,False
418,"Mosquito, Beaver, Horse",0.0,-0.936221780585301,False
419,"Mosquito, Beaver, Mosquito",0.0,-0.7088217955901457,False
420,"Mosquito, Beaver, Mouse",0.0,-0.9704354581383687,False
421,"Mosquito, Beaver, Otter",0.0,-0.9379751569180224,False
422,"Mosquito, Beaver, Pig",0.0,-0.44897566544071205,False
423,"Mosquito, Cricket, Ant",0.0,-0.9158288283364631,False
425,"Mosquito, Cricket, Cricket",0.0,-0.8316576566729112,False
434,"Mosquito, Fish, Cricket",0.0,-0.44703363569999865,False
426,"Mosquito, Cricket, Fish",0.0,-0.8495639977707964,False
427,"Mosquito, Cricket, Horse",0.0,-0.8219497951792487,False
428,"Mosquito, Cricket, Mosquito",0.0,-0.6316752411884501,False
429,"Mosquito, Cricket, Mouse",0.0,-0.9158288283364631,False
430,"Mosquito, Cricket, Otter",0.0,-0.8976050954039791,False
431,"Mosquito, Cricket, Pig",0.0,-0.3851298561694627,False
432,"Mosquito, Fish, Ant",0.0,-0.5709253602401017,False
433,"Mosquito, Fish, Beaver",0.0,-0.29569307494114094,False
545,"Mouse, Mouse, Mosquito",0.0,-1.0000000000000149,False
547,"Mouse, Mouse, Otter",0.0,-1.0000000000000149,False
369,"Horse, Mosquito, Ant",0.0,-0.9612913080146448,False
661,"Pig, Beaver, Horse",0.0,-0.9709086318304097,False
663,"Pig, Beaver, Mouse",0.0,-0.9401816195393118,False
664,"Pig, Beaver, Otter",0.0,-0.9425515206904141,False
665,"Pig, Beaver, Pig",0.0,-0.20928506122737603,False
666,"Pig, Cricket, Ant",0.0,-0.9432052882048312,False
667,"Pig, Cricket, Beaver",0.0,-0.8003363758180791,False
668,"Pig, Cricket, Cricket",0.0,-0.8808535622789379,False
669,"Pig, Cricket, Fish",0.0,-0.9409171067752871,False
670,"Pig, Cricket, Horse",0.0,-0.9694376573584242,False
671,"Pig, Cricket, Mosquito",0.0,-0.8100079159105207,False
672,"Pig, Cricket, Mouse",0.0,-0.944022495162389,False
673,"Pig, Cricket, Otter",0.0,-0.9432870079263944,False
674,"Pig, Cricket, Pig",0.0,-0.4412404115892017,False
675,"Pig, Fish, Ant",0.0,-0.3827300028370153,False
676,"Pig, Fish, Beaver",0.0,-0.2380938631980187,False
677,"Pig, Fish, Cricket",0.0,-0.2148924503002718,False
678,"Pig, Fish, Fish",0.0,-0.36263502790129265,False
679,"Pig, Fish, Horse",0.0,-0.41775486037428533,False
680,"Pig, Fish, Mosquito",0.0,-0.26543648356079685,False
681,"Pig, Fish, Mouse",0.0,-0.7716523838130013,False
662,"Pig, Beaver, Mosquito",0.0,-0.8334339529031587,False
660,"Pig, Beaver, Fish",0.0,-0.9158288283364626,False
683,"Pig, Fish, Pig",0.0,-0.2651759010839437,False
659,"Pig, Beaver, Cricket",0.0,-0.8854299251380237,False
640,"Otter, Pig, Beaver",0.0,-0.9161111272539644,False
641,"Otter, Pig, Cricket",0.0,-1.0000000000000149,False
642,"Otter, Pig, Fish",0.0,-0.9738493530034582,False
643,"Otter, Pig, Horse",0.0,-1.0000000000000149,False
644,"Otter, Pig, Mosquito",0.0,-0.9405570463346653,False
645,"Otter, Pig, Mouse",0.0,-1.0000000000000149,False
646,"Otter, Pig, Otter",0.0,-1.0000000000000149,False
647,"Otter, Pig, Pig",0.0,-0.6698911911309035,False
648,"Pig, Ant, Ant",0.0,-0.8013170246542384,False
649,"Pig, Ant, Beaver",0.0,-0.41591697316600773,False
650,"Pig, Ant, Cricket",0.0,-0.7158383228327894,False
651,"Pig, Ant, Fish",0.0,-0.41758474243469745,False
652,"Pig, Ant, Horse",0.0,-0.8268956287288882,False
653,"Pig, Ant, Mosquito",0.0,-0.6135208483207583,False
654,"Pig, Ant, Mouse",0.0,-0.9440224951623837,False
655,"Pig, Ant, Otter",0.0,-0.6433802282117321,False
656,"Pig, Ant, Pig",0.0,-0.2954187281053047,False
657,"Pig, Beaver, Ant",0.0,-0.94214291721163,False
658,"Pig, Beaver, Beaver",0.0,-0.7207603524150683,False
682,"Pig, Fish, Otter",0.0,-0.774512610904353,False
684,"Pig, Horse, Ant",0.0,-0.9688656095655759,False
548,"Mouse, Mouse, Pig",0.0,-1.0000000000000149,False
707,"Pig, Mouse, Mosquito",0.0,-0.9612545520070763,False
709,"Pig, Mouse, Otter",0.0,-0.973195585489032,False
710,"Pig, Mouse, Pig",0.0,-1.0000000000000104,False
711,"Pig, Otter, Ant",0.0,-0.9715611715739101,False
712,"Pig, Otter, Beaver",0.0,-0.8306535568594862,False
713,"Pig, Otter, Cricket",0.0,-0.9121513933742522,False
714,"Pig, Otter, Fish",0.0,-0.9456556861775225,False
715,"Pig, Otter, Horse",0.0,-1.0000000000000102,False
716,"Pig, Otter, Mosquito",0.0,-0.8379596555825741,False
717,"Pig, Otter, Mouse",0.0,-0.9712342878167088,False
718,"Pig, Otter, Otter",0.0,-0.9445115954627632,False
719,"Pig, Otter, Pig",0.0,-0.47111563126340544,False
720,"Pig, Pig, Ant",0.0,-0.9706634677947673,False
721,"Pig, Pig, Beaver",0.0,-0.7451515112410225,False
722,"Pig, Pig, Cricket",0.0,-0.9388753122813795,False
723,"Pig, Pig, Fish",0.0,-0.9158288283364726,False
724,"Pig, Pig, Horse",0.0,-0.9975496020273185,False
725,"Pig, Pig, Mosquito",0.0,-0.8705850035013727,False
726,"Pig, Pig, Mouse",0.0,-0.9709903515519827,False
727,"Pig, Pig, Otter",0.0,-0.9705000283516352,False
708,"Pig, Mouse, Mouse",0.0,-1.0000000000000149,False
706,"Pig, Mouse, Horse",0.0,-1.0000000000000104,False
685,"Pig, Horse, Beaver",0.0,-0.827794555408015,False
705,"Pig, Mouse, Fish",0.0,-0.9713160075382636,False
686,"Pig, Horse, Cricket",0.0,-0.9416538169112658,False
687,"Pig, Horse, Fish",0.0,-0.9433687300834408,False
688,"Pig, Horse, Horse",0.0,-0.9975496020273185,False
689,"Pig, Horse, Mosquito",0.0,-0.903879498880705,False
690,"Pig, Horse, Mouse",0.0,-0.9710720712735509,False
691,"Pig, Horse, Otter",0.0,-0.9709086318304143,False
692,"Pig, Horse, Pig",0.0,-0.47150044204153846,False
693,"Pig, Mosquito, Ant",0.0,-0.8748300657179254,False
694,"Pig, Mosquito, Beaver",0.0,-0.6325989798727395,False
695,"Pig, Mosquito, Cricket",0.0,-0.8365500714800467,False
696,"Pig, Mosquito, Fish",0.0,-0.8582789782792282,False
697,"Pig, Mosquito, Horse",0.0,-0.9051110472441639,False
698,"Pig, Mosquito, Mosquito",0.0,-0.6038597677821333,False
699,"Pig, Mosquito, Mouse",0.0,-0.9242203386715582,False
700,"Pig, Mosquito, Otter",0.0,-0.928521277952191,False
701,"Pig, Mosquito, Pig",0.0,-0.2884287534201983,False
702,"Pig, Mouse, Ant",0.0,-1.0000000000000053,False
703,"Pig, Mouse, Beaver",0.0,-1.0000000000000058,False
704,"Pig, Mouse, Cricket",0.0,-0.9426332428474461,False
639,"Otter, Pig, Ant",0.0,-1.0000000000000149,False
638,"Otter, Otter, Pig",0.0,-0.9179456764317329,False
637,"Otter, Otter, Otter",0.0,-1.0000000000000149,False
570,"Otter, Ant, Fish",0.0,-0.6854703223885319,False
572,"Otter, Ant, Mosquito",0.0,-0.5808662629540753,False
573,"Otter, Ant, Mouse",0.0,-0.9454922442989315,False
574,"Otter, Ant, Otter",0.0,-0.9158288283364773,False
575,"Otter, Ant, Pig",0.0,-0.7657343526770513,False
576,"Otter, Beaver, Ant",0.0,-1.0000000000000149,False
577,"Otter, Beaver, Beaver",0.0,-0.9209476650916003,False
578,"Otter, Beaver, Cricket",0.0,-1.0000000000000149,False
579,"Otter, Beaver, Fish",0.0,-0.9457374058991053,False
580,"Otter, Beaver, Horse",0.0,-1.0000000000000149,False
581,"Otter, Beaver, Mosquito",0.0,-0.9314807940623233,False
582,"Otter, Beaver, Mouse",0.0,-1.0000000000000149,False
583,"Otter, Beaver, Otter",0.0,-1.0000000000000149,False
584,"Otter, Beaver, Pig",0.0,-0.6808612360197758,False
585,"Otter, Cricket, Ant",0.0,-1.0000000000000056,False
586,"Otter, Cricket, Beaver",0.0,-1.0000000000000053,False
587,"Otter, Cricket, Cricket",0.0,-0.9438590532837842,False
588,"Otter, Cricket, Fish",0.0,-0.9445115954627528,False
589,"Otter, Cricket, Horse",0.0,-0.9687838898440078,False
590,"Otter, Cricket, Mosquito",0.0,-0.934624606626324,False
571,"Otter, Ant, Horse",0.0,-1.0000000000000149,False
569,"Otter, Ant, Cricket",0.0,-0.7190242031705579,False
636,"Otter, Otter, Mouse",0.0,-1.0000000000000149,False
568,"Otter, Ant, Beaver",0.0,-0.4192396159903425,False
549,"Mouse, Otter, Ant",0.0,-1.0000000000000149,False
550,"Mouse, Otter, Beaver",0.0,-1.0000000000000149,False
551,"Mouse, Otter, Cricket",0.0,-1.0000000000000149,False
552,"Mouse, Otter, Fish",0.0,-0.9724600982530465,False
553,"Mouse, Otter, Horse",0.0,-1.0000000000000149,False
554,"Mouse, Otter, Mosquito",0.0,-0.9814236546274089,False
555,"Mouse, Otter, Mouse",0.0,-1.0000000000000149,False
556,"Mouse, Otter, Otter",0.0,-1.0000000000000149,False
557,"Mouse, Otter, Pig",0.0,-1.0000000000000149,False
558,"Mouse, Pig, Ant",0.0,-1.0000000000000149,False
559,"Mouse, Pig, Beaver",0.0,-1.0000000000000149,False
560,"Mouse, Pig, Cricket",0.0,-1.0000000000000149,False
561,"Mouse, Pig, Fish",0.0,-0.9735224692462474,False
562,"Mouse, Pig, Horse",0.0,-1.0000000000000149,False
563,"Mouse, Pig, Mosquito",0.0,-0.9821484836444838,False
564,"Mouse, Pig, Mouse",0.0,-1.0000000000000149,False
565,"Mouse, Pig, Otter",0.0,-1.0000000000000149,False
566,"Mouse, Pig, Pig",0.0,-1.0000000000000149,False
567,"Otter, Ant, Ant",0.0,-0.802705051633748,False
591,"Otter, Cricket, Mouse",0.0,-1.0000000000000149,False
592,"Otter, Cricket, Otter",0.0,-0.9700901971019349,False
593,"Otter, Cricket, Pig",0.0,-0.9157775724061527,False
594,"Otter, Fish, Ant",0.0,-0.8623083975324923,False
617,"Otter, Mosquito, Mosquito",0.0,-0.7749863620570767,False
618,"Otter, Mosquito, Mouse",0.0,-0.9795587790212601,False
619,"Otter, Mosquito, Otter",0.0,-0.9447016223270257,False
620,"Otter, Mosquito, Pig",0.0,-0.5367339279701793,False
621,"Otter, Mouse, Ant",0.0,-1.0000000000000149,False
622,"Otter, Mouse, Beaver",0.0,-1.0000000000000149,False
623,"Otter, Mouse, Cricket",0.0,-1.0000000000000149,False
624,"Otter, Mouse, Fish",0.0,-0.974748279682585,False
625,"Otter, Mouse, Horse",0.0,-1.0000000000000149,False
626,"Otter, Mouse, Mosquito",0.0,-0.9805737358609987,False
627,"Otter, Mouse, Mouse",0.0,-1.0000000000000149,False
628,"Otter, Mouse, Otter",0.0,-1.0000000000000149,False
629,"Otter, Mouse, Pig",0.0,-1.0000000000000149,False
630,"Otter, Otter, Ant",0.0,-1.0000000000000102,False
631,"Otter, Otter, Beaver",0.0,-1.0000000000000107,False
632,"Otter, Otter, Cricket",0.0,-0.9693559327659238,False
633,"Otter, Otter, Fish",0.0,-0.9459008477777059,False
634,"Otter, Otter, Horse",0.0,-1.0000000000000149,False
635,"Otter, Otter, Mosquito",0.0,-0.9526640700345514,False
616,"Otter, Mosquito, Horse",0.0,-0.9703901249411797,False
615,"Otter, Mosquito, Fish",0.0,-0.866484006667227,False
614,"Otter, Mosquito, Cricket",0.0,-0.9073065893807742,False
603,"Otter, Horse, Ant",0.0,-1.0000000000000149,False
595,"Otter, Fish, Beaver",0.0,-0.5656437574304295,False
596,"Otter, Fish, Cricket",0.0,-0.8003369219612628,False
597,"Otter, Fish, Fish",0.0,-0.8361093837324567,False
598,"Otter, Fish, Horse",0.0,-0.8843579963628727,False
599,"Otter, Fish, Mosquito",0.0,-0.5635108700432044,False
600,"Otter, Fish, Mouse",0.0,-0.9423880788118131,False
601,"Otter, Fish, Otter",0.0,-0.944104214883962,False
602,"Otter, Fish, Pig",0.0,-0.2945033850045006,False
604,"Otter, Horse, Beaver",0.0,-1.0000000000000149,False
613,"Otter, Mosquito, Beaver",0.0,-0.8223298852268707,False
605,"Otter, Horse, Cricket",0.0,-1.0000000000000149,False
606,"Otter, Horse, Fish",0.0,-0.9715611715739196,False
607,"Otter, Horse, Horse",0.0,-1.0000000000000149,False
608,"Otter, Horse, Mosquito",0.0,-0.9700681419898458,False
609,"Otter, Horse, Mouse",0.0,-1.0000000000000149,False
610,"Otter, Horse, Otter",0.0,-1.0000000000000149,False
611,"Otter, Horse, Pig",0.0,-0.9184460012479234,False
612,"Otter, Mosquito, Ant",0.0,-0.9514594542185446,False
370,"Horse, Mosquito, Beaver",0.0,-0.8596165436305836,False
364,"Horse, Horse, Horse",0.0,-1.0000000000000149,False
368,"Horse, Horse, Pig",0.0,-0.9154440175583687,False
115,"Beaver, Fish, Otter",0.0,-0.7197596904065386,False
117,"Beaver, Horse, Ant",0.0,-0.9440224951623892,False
118,"Beaver, Horse, Beaver",0.0,-0.7994374467034835,False
119,"Beaver, Horse, Cricket",0.0,-0.8862471345310505,False
120,"Beaver, Horse, Fish",0.0,-0.9158288283364626,False
121,"Beaver, Horse, Horse",0.0,-0.9718075585095358,False
122,"Beaver, Horse, Mosquito",0.0,-0.8708200028282017,False
123,"Beaver, Horse, Mouse",0.0,-0.9423880788118131,False
124,"Beaver, Horse, Otter",0.0,-0.9409171067752973,False
125,"Beaver, Horse, Pig",0.0,-0.4411153298284762,False
126,"Beaver, Mosquito, Ant",0.0,-0.8367074552624241,False
127,"Beaver, Mosquito, Beaver",0.0,-0.5877696846153352,False
128,"Beaver, Mosquito, Cricket",0.0,-0.7773626841310807,False
129,"Beaver, Mosquito, Fish",0.0,-0.8416029424955718,False
130,"Beaver, Mosquito, Horse",0.0,-0.8682133223047226,False
131,"Beaver, Mosquito, Mosquito",0.0,-0.5954239538074568,False
132,"Beaver, Mosquito, Mouse",0.0,-0.8892364967151491,False
133,"Beaver, Mosquito, Otter",0.0,-0.8856080685209364,False
134,"Beaver, Mosquito, Pig",0.0,-0.26037128132246784,False
135,"Beaver, Mouse, Ant",0.0,-1.0000000000000007,False
116,"Beaver, Fish, Pig",0.0,-0.21285384951335584,False
114,"Beaver, Fish, Mouse",0.0,-0.719841414999054,False
367,"Horse, Horse, Otter",0.0,-1.0000000000000149,False
113,"Beaver, Fish, Mosquito",0.0,-0.22756375042308258,False
94,"Beaver, Beaver, Horse",0.0,-0.9432052882048305,False
95,"Beaver, Beaver, Mosquito",0.0,-0.8088757596616871,False
96,"Beaver, Beaver, Mouse",0.0,-0.9158288283364773,False
97,"Beaver, Beaver, Otter",0.0,-0.9158288283364677,False
98,"Beaver, Beaver, Pig",0.0,-0.18534919058125743,False
99,"Beaver, Cricket, Ant",0.0,-0.9158288283364631,False
100,"Beaver, Cricket, Beaver",0.0,-0.7736954031857014,False
101,"Beaver, Cricket, Cricket",0.0,-0.8316576566729112,False
102,"Beaver, Cricket, Fish",0.0,-0.9158288283364535,False
103,"Beaver, Cricket, Horse",0.0,-0.9434504498049952,False
104,"Beaver, Cricket, Mosquito",0.0,-0.7656275592704961,False
105,"Beaver, Cricket, Mouse",0.0,-0.9158288283364631,False
106,"Beaver, Cricket, Otter",0.0,-0.9158288283364535,False
107,"Beaver, Cricket, Pig",0.0,-0.4168425890784649,False
108,"Beaver, Fish, Ant",0.0,-0.33516350369468784,False
109,"Beaver, Fish, Beaver",0.0,-0.19204003042976092,False
110,"Beaver, Fish, Cricket",0.0,-0.16013953299899314,False
111,"Beaver, Fish, Fish",0.0,-0.3340327551610961,False
112,"Beaver, Fish, Horse",0.0,-0.36504162740677953,False
136,"Beaver, Mouse, Beaver",0.0,-1.0000000000000007,False
137,"Beaver, Mouse, Cricket",0.0,-0.9158288283364631,False
138,"Beaver, Mouse, Fish",0.0,-0.9455739640204757,False
139,"Beaver, Mouse, Horse",0.0,-1.0000000000000049,False
162,"Cricket, Ant, Ant",0.0,-0.804502909862939,False
163,"Cricket, Ant, Beaver",0.0,-0.4141095547193854,False
164,"Cricket, Ant, Cricket",0.0,-0.7221295964285925,False
165,"Cricket, Ant, Fish",0.0,-0.6884723110484284,False
166,"Cricket, Ant, Horse",0.0,-0.8021342316118012,False
167,"Cricket, Ant, Mosquito",0.0,-0.5807367229776456,False
168,"Cricket, Ant, Mouse",0.0,-0.9436126663481721,False
169,"Cricket, Ant, Otter",0.0,-0.9158288283364773,False
170,"Cricket, Ant, Pig",0.0,-0.7583385041584227,False
171,"Cricket, Beaver, Ant",0.0,-1.0000000000000149,False
172,"Cricket, Beaver, Beaver",0.0,-0.9176121166135385,False
173,"Cricket, Beaver, Cricket",0.0,-1.0000000000000149,False
174,"Cricket, Beaver, Fish",0.0,-0.9469632187709116,False
175,"Cricket, Beaver, Horse",0.0,-0.9411622683754661,False
176,"Cricket, Beaver, Mosquito",0.0,-0.9167252733014968,False
177,"Cricket, Beaver, Mouse",0.0,-1.0000000000000149,False
178,"Cricket, Beaver, Otter",0.0,-1.0000000000000149,False
179,"Cricket, Beaver, Pig",0.0,-0.6832990278090418,False
180,"Cricket, Cricket, Ant",0.0,-1.0000000000000007,False
161,"Beaver, Pig, Pig",0.0,-0.21082392633754413,False
160,"Beaver, Pig, Otter",0.0,-0.9430418463262306,False
159,"Beaver, Pig, Mouse",0.0,-0.9427966847260612,False
148,"Beaver, Otter, Horse",0.0,-0.9712342878166994,False
140,"Beaver, Mouse, Mosquito",0.0,-0.9426998923364083,False
141,"Beaver, Mouse, Mouse",0.0,-1.0000000000000149,False
142,"Beaver, Mouse, Otter",0.0,-0.9454922442989218,False
143,"Beaver, Mouse, Pig",0.0,-1.0000000000000056,False
144,"Beaver, Otter, Ant",0.0,-0.9457374058990909,False
145,"Beaver, Otter, Beaver",0.0,-0.8036857029053663,False
146,"Beaver, Otter, Cricket",0.0,-0.8622199993145063,False
147,"Beaver, Otter, Fish",0.0,-0.91827922630915,False
149,"Beaver, Otter, Mosquito",0.0,-0.7982736457568042,False
158,"Beaver, Pig, Mosquito",0.0,-0.8357687473186468,False
150,"Beaver, Otter, Mouse",0.0,-0.9459008477777107,False
151,"Beaver, Otter, Otter",0.0,-0.9182792263091645,False
152,"Beaver, Otter, Pig",0.0,-0.4416077607534968,False
153,"Beaver, Pig, Ant",0.0,-0.9442676567625632,False
154,"Beaver, Pig, Beaver",0.0,-0.7170395641366483,False
155,"Beaver, Pig, Cricket",0.0,-0.8851030438162817,False
156,"Beaver, Pig, Fish",0.0,-0.9158288283364628,False
157,"Beaver, Pig, Horse",0.0,-0.9705000283516303,False
93,"Beaver, Beaver, Fish",0.0,-0.9158288283364533,False
92,"Beaver, Beaver, Cricket",0.0,-0.8316576566729256,False
91,"Beaver, Beaver, Beaver",0.0,-0.6858038772363068,False
46,"Ant, Mosquito, Beaver",0.0,-0.1762701701852282,False
26,"Ant, Cricket, Pig",0.0,-0.3755587502316629,False
27,"Ant, Fish, Ant",0.0,-0.4481960007875908,False
28,"Ant, Fish, Beaver",0.0,-0.22983790438524293,False
29,"Ant, Fish, Cricket",0.0,-0.21783929398439142,False
30,"Ant, Fish, Fish",0.0,-0.2541298049638887,False
31,"Ant, Fish, Horse",0.0,-0.4889418350697088,False
32,"Ant, Fish, Mosquito",0.0,-0.12115983861513915,False
33,"Ant, Fish, Mouse",0.0,-0.6678675909210617,False
34,"Ant, Fish, Otter",0.0,-0.5214537917883265,False
35,"Ant, Fish, Pig",0.0,-0.11584663796571998,False
36,"Ant, Horse, Ant",0.0,-0.9124184319889546,False
37,"Ant, Horse, Beaver",0.0,-0.6775851815832143,False
38,"Ant, Horse, Cricket",0.0,-0.8562343447082474,False
39,"Ant, Horse, Fish",0.0,-0.851311808275059,False
40,"Ant, Horse, Horse",0.0,-1.0000000000000149,False
41,"Ant, Horse, Mosquito",0.0,-0.7668818489092477,False
42,"Ant, Horse, Mouse",0.0,-0.9876601613022578,False
43,"Ant, Horse, Otter",0.0,-0.9736709611876051,False
44,"Ant, Horse, Pig",0.0,-0.7116533371701518,False
25,"Ant, Cricket, Otter",0.0,-0.8384935065202572,False
24,"Ant, Cricket, Mouse",0.0,-0.8737886153215961,False
23,"Ant, Cricket, Mosquito",0.0,-0.35921660651542514,False
12,"Ant, Beaver, Fish",0.0,-0.5660640286886032,False
2,"Ant, Ant, Cricket",0.0,-0.005036139988926545,False
4,"Ant, Ant, Horse",0.0,-0.4641052678927557,False
6,"Ant, Ant, Mouse",0.0,-0.6810309077626666,False
7,"Ant, Ant, Otter",0.0,-0.3806364382365374,False
8,"Ant, Ant, Pig",0.0,-0.1600659695597471,False
9,"Ant, Beaver, Ant",0.0,-0.6719571491107382,False
10,"Ant, Beaver, Beaver",0.0,-0.30004643814016424,False
11,"Ant, Beaver, Cricket",0.0,-0.5156503329211402,False
13,"Ant, Beaver, Horse",0.0,-0.7752782139771858,False
22,"Ant, Cricket, Horse",0.0,-0.4060990878560161,False
14,"Ant, Beaver, Mosquito",0.0,-0.3120258442631363,False
15,"Ant, Beaver, Mouse",0.0,-0.7827814822115158,False
16,"Ant, Beaver, Otter",0.0,-0.6885137269885777,False
17,"Ant, Beaver, Pig",0.0,-0.23429910073664656,False
18,"Ant, Cricket, Ant",0.0,-0.6602485486998186,False
19,"Ant, Cricket, Beaver",0.0,-0.2717585527161579,False
20,"Ant, Cricket, Cricket",0.0,-0.5622136961554919,False
21,"Ant, Cricket, Fish",0.0,-0.5796804702334378,False
45,"Ant, Mosquito, Ant",0.0,-0.468708684571264,False
47,"Ant, Mosquito, Cricket",0.0,-0.30128092222428193,False
90,"Beaver, Beaver, Ant",0.0,-0.9158288283364631,False
48,"Ant, Mosquito, Fish",0.0,-0.3256636953006903,False
71,"Ant, Otter, Pig",0.0,-0.3989965086194928,False
72,"Ant, Pig, Ant",0.0,-0.8667594935649912,False
73,"Ant, Pig, Beaver",0.0,-0.5645401903521345,False
74,"Ant, Pig, Cricket",0.0,-0.8150611665424985,False
75,"Ant, Pig, Fish",0.0,-0.7692780981723663,False
76,"Ant, Pig, Horse",0.0,-0.9593063880933265,False
77,"Ant, Pig, Mosquito",0.0,-0.718243364656921,False
78,"Ant, Pig, Mouse",0.0,-0.988804252017027,False
79,"Ant, Pig, Otter",0.0,-0.894633819413756,False
80,"Ant, Pig, Pig",0.0,-0.606813460264076,False
81,"Beaver, Ant, Ant",0.0,-0.7736954031856922,False
82,"Beaver, Ant, Beaver",0.0,-0.38444280072643944,False
83,"Beaver, Ant, Cricket",0.0,-0.6895242315221497,False
84,"Beaver, Ant, Fish",0.0,-0.3832753612443044,False
85,"Beaver, Ant, Horse",0.0,-0.8012353049326746,False
86,"Beaver, Ant, Mosquito",0.0,-0.5900248266224181,False
87,"Beaver, Ant, Mouse",0.0,-0.9158288283364535,False
88,"Beaver, Ant, Otter",0.0,-0.6136338671922523,False
89,"Beaver, Ant, Pig",0.0,-0.27041095922812464,False
70,"Ant, Otter, Otter",0.0,-0.9158288283364633,False
69,"Ant, Otter, Mouse",0.0,-0.9294543887593748,False
68,"Ant, Otter, Mosquito",0.0,-0.5195831536705132,False
57,"Ant, Mouse, Fish",0.0,-0.7568270330593119,False
49,"Ant, Mosquito, Horse",0.0,-0.6123074020827771,False
50,"Ant, Mosquito, Mosquito",0.0,-0.12958280585253384,False
51,"Ant, Mosquito, Mouse",0.0,-0.7114816934025295,False
52,"Ant, Mosquito, Otter",0.0,-0.5942346349570784,False
53,"Ant, Mosquito, Pig",0.0,-0.19494563785396704,False
54,"Ant, Mouse, Ant",0.0,-0.8315882245196216,False
55,"Ant, Mouse, Beaver",0.0,-0.5000232409617248,False
56,"Ant, Mouse, Cricket",0.0,-0.7610758633161241,False
58,"Ant, Mouse, Horse",0.0,-0.9448304053477572,False
67,"Ant, Otter, Horse",0.0,-0.9262460609379284,False
59,"Ant, Mouse, Mosquito",0.0,-0.5947447755862909,False
60,"Ant, Mouse, Mouse",0.0,-0.9440218837124095,False
61,"Ant, Mouse, Otter",0.0,-0.9293944762528354,False
62,"Ant, Mouse, Pig",0.0,-0.6317378231376358,False
63,"Ant, Otter, Ant",0.0,-0.81385938762321,False
64,"Ant, Otter, Beaver",0.0,-0.44606695112201833,False
65,"Ant, Otter, Cricket",0.0,-0.7385659746012041,False
66,"Ant, Otter, Fish",0.0,-0.7599161352239854,False
181,"Cricket, Cricket, Beaver",0.0,-1.0000000000000007,False
182,"Cricket, Cricket, Cricket",0.0,-0.9158288283364631,False
183,"Cricket, Cricket, Fish",0.0,-0.9454105221418705,False
322,"Fish, Pig, Otter",0.0,-0.654517106478728,False
301,"Fish, Mouse, Horse",0.0,-1.00000000000001,False
302,"Fish, Mouse, Mosquito",0.0,-0.7827567327812261,False
303,"Fish, Mouse, Mouse",0.0,-1.0000000000000149,False
304,"Fish, Mouse, Otter",0.0,-0.9728687017318207,False
305,"Fish, Mouse, Pig",0.0,-0.5284995579585628,False
306,"Fish, Otter, Ant",0.0,-0.9713977272598312,False
307,"Fish, Otter, Beaver",0.0,-0.6650205616551884,False
308,"Fish, Otter, Cricket",0.0,-0.8873082777533308,False
309,"Fish, Otter, Fish",0.0,-0.9182792263091504,False
310,"Fish, Otter, Horse",0.0,-1.0000000000000053,False
311,"Fish, Otter, Mosquito",0.0,-0.6530353780369107,False
312,"Fish, Otter, Mouse",0.0,-0.9723783785314781,False
313,"Fish, Otter, Otter",0.0,-0.9182792263091645,False
314,"Fish, Otter, Pig",0.0,-0.08417117166358712,False
315,"Fish, Pig, Ant",0.0,-0.6604144226269103,False
316,"Fish, Pig, Beaver",0.0,-0.43377332688203235,False
317,"Fish, Pig, Cricket",0.0,-0.44808598931492316,False
318,"Fish, Pig, Fish",0.0,-0.6096325994999822,False
319,"Fish, Pig, Horse",0.0,-0.6980656997691109,False
300,"Fish, Mouse, Fish",0.0,-0.9445933151843217,False
299,"Fish, Mouse, Cricket",0.0,-0.9412439880970342,False
298,"Fish, Mouse, Beaver",0.0,-0.8332229140809424,False
286,"Fish, Horse, Otter",0.0,-0.9708269072379083,False
278,"Fish, Fish, Pig",0.0,-4.8879914550105903e-14,False
279,"Fish, Horse, Ant",0.0,-0.8894463643564021,False
280,"Fish, Horse, Beaver",0.0,-0.5048065896452528,False
281,"Fish, Horse, Cricket",0.0,-0.8598730084748343,False
282,"Fish, Horse, Fish",0.0,-0.8357758239143149,False
283,"Fish, Horse, Horse",0.0,-0.9146613938246966,False
284,"Fish, Horse, Mosquito",0.0,-0.47893149530490653,False
285,"Fish, Horse, Mouse",0.0,-0.9709903515519827,False
287,"Fish, Horse, Pig",0.0,-0.08172077369091559,False
297,"Fish, Mouse, Ant",0.0,-1.0000000000000053,False
288,"Fish, Mosquito, Ant",0.0,-0.4519548133894481,False
289,"Fish, Mosquito, Beaver",0.0,-0.11966201663125378,False
290,"Fish, Mosquito, Cricket",0.0,-0.30411964520554247,False
291,"Fish, Mosquito, Fish",0.0,-0.43504645971812694,False
292,"Fish, Mosquito, Horse",0.0,-0.47753673863399615,False
293,"Fish, Mosquito, Mosquito",0.0,-0.04453449897985352,False
294,"Fish, Mosquito, Mouse",0.0,-0.7955331931091787,False
295,"Fish, Mosquito, Otter",0.0,-0.7745300868669154,False
321,"Fish, Pig, Mouse",0.0,-0.6595175958218377,False
323,"Fish, Pig, Pig",-0.0,-6.208922265216188e-14,False
276,"Fish, Fish, Mouse",0.0,-0.7477081980677645,False
324,"Horse, Ant, Ant",0.0,-0.8300815139375798,False
347,"Horse, Cricket, Mosquito",0.0,-0.9452483080341956,False
348,"Horse, Cricket, Mouse",0.0,-1.0000000000000149,False
349,"Horse, Cricket, Otter",0.0,-0.9734407495246744,False
350,"Horse, Cricket, Pig",0.0,-0.9129423586849839,False
351,"Horse, Fish, Ant",0.0,-0.8940894330516687,False
352,"Horse, Fish, Beaver",0.0,-0.5975777260706857,False
353,"Horse, Fish, Cricket",0.0,-0.8565174487529021,False
354,"Horse, Fish, Fish",0.0,-0.8331073950725663,False
355,"Horse, Fish, Horse",0.0,-0.9163291630933763,False
356,"Horse, Fish, Mosquito",0.0,-0.5824440856077783,False
357,"Horse, Fish, Mouse",0.0,-0.9687021701224441,False
358,"Horse, Fish, Otter",0.0,-0.9693559327659282,False
359,"Horse, Fish, Pig",0.0,-0.321794792091175,False
360,"Horse, Horse, Ant",0.0,-1.0000000000000149,False
361,"Horse, Horse, Beaver",0.0,-1.0000000000000149,False
362,"Horse, Horse, Cricket",0.0,-1.0000000000000149,False
363,"Horse, Horse, Fish",0.0,-1.0000000000000149,False
365,"Horse, Horse, Mosquito",0.0,-0.9797152399779994,False
366,"Horse, Horse, Mouse",0.0,-1.0000000000000149,False
346,"Horse, Cricket, Horse",0.0,-0.9709086318304097,False
345,"Horse, Cricket, Fish",0.0,-0.9713160075382632,False
344,"Horse, Cricket, Cricket",0.0,-0.9445128207982054,False
333,"Horse, Beaver, Ant",0.0,-1.0000000000000149,False
325,"Horse, Ant, Beaver",0.0,-0.4454886677910647,False
326,"Horse, Ant, Cricket",0.0,-0.7465641073529952,False
327,"Horse, Ant, Fish",0.0,-0.7154501765590779,False
328,"Horse, Ant, Horse",0.0,-1.0000000000000149,False
329,"Horse, Ant, Mosquito",0.0,-0.6221514542345534,False
330,"Horse, Ant, Mouse",0.0,-0.9731138657674683,False
331,"Horse, Ant, Otter",0.0,-0.9439407754408304,False
332,"Horse, Ant, Pig",0.0,-0.7712708274228852,False
334,"Horse, Beaver, Beaver",0.0,-0.9156107924970704,False
343,"Horse, Cricket, Beaver",0.0,-1.0000000000000056,False
335,"Horse, Beaver, Cricket",0.0,-1.0000000000000149,False
336,"Horse, Beaver, Fish",0.0,-0.9454105221418942,False
337,"Horse, Beaver, Horse",0.0,-1.0000000000000149,False
338,"Horse, Beaver, Mosquito",0.0,-0.9221429159100318,False
339,"Horse, Beaver, Mouse",0.0,-1.0000000000000149,False
340,"Horse, Beaver, Otter",0.0,-1.0000000000000149,False
341,"Horse, Beaver, Pig",0.0,-0.6796423401251289,False
342,"Horse, Cricket, Ant",0.0,-1.0000000000000058,False
277,"Fish, Fish, Otter",0.0,-0.7463189433173429,False
275,"Fish, Fish, Mosquito",0.0,-0.12308716062874546,False
184,"Cricket, Cricket, Horse",0.0,-0.9457386312345333,False
227,"Cricket, Otter, Cricket",0.0,-0.943532169526573,False
207,"Cricket, Mosquito, Ant",0.0,-0.9443833166727424,False
208,"Cricket, Mosquito, Beaver",0.0,-0.8123199561718015,False
209,"Cricket, Mosquito, Cricket",0.0,-0.8877532702649902,False
210,"Cricket, Mosquito, Fish",0.0,-0.8605097407899809,False
211,"Cricket, Mosquito, Horse",0.0,-0.8460552889401716,False
212,"Cricket, Mosquito, Mosquito",0.0,-0.7497880132824395,False
213,"Cricket, Mosquito, Mouse",0.0,-0.9725127811003771,False
214,"Cricket, Mosquito, Otter",0.0,-0.9347161282640739,False
215,"Cricket, Mosquito, Pig",0.0,-0.5276835788847603,False
216,"Cricket, Mouse, Ant",0.0,-1.0000000000000149,False
217,"Cricket, Mouse, Beaver",0.0,-1.0000000000000149,False
218,"Cricket, Mouse, Cricket",0.0,-1.0000000000000149,False
219,"Cricket, Mouse, Fish",0.0,-0.9456556861775369,False
220,"Cricket, Mouse, Horse",0.0,-1.0000000000000053,False
221,"Cricket, Mouse, Mosquito",0.0,-0.9706454551277874,False
222,"Cricket, Mouse, Mouse",0.0,-1.0000000000000149,False
223,"Cricket, Mouse, Otter",0.0,-1.0000000000000149,False
224,"Cricket, Mouse, Pig",0.0,-1.0000000000000149,False
225,"Cricket, Otter, Ant",0.0,-1.0000000000000053,False
206,"Cricket, Horse, Pig",0.0,-0.43910399415545953,False
205,"Cricket, Horse, Otter",0.0,-0.9421429172116347,False
204,"Cricket, Horse, Mouse",0.0,-0.943777333562225,False
193,"Cricket, Fish, Horse",0.0,-0.3935371542604397,False
185,"Cricket, Cricket, Mosquito",0.0,-0.9158288283364631,False
186,"Cricket, Cricket, Mouse",0.0,-1.0000000000000149,False
187,"Cricket, Cricket, Otter",0.0,-0.9492514002004407,False
188,"Cricket, Cricket, Pig",0.0,-0.9166114570404715,False
189,"Cricket, Fish, Ant",0.0,-0.8637043184031357,False
190,"Cricket, Fish, Beaver",0.0,-0.5738353122902236,False
191,"Cricket, Fish, Cricket",0.0,-0.808655762538086,False
192,"Cricket, Fish, Fish",0.0,-0.8331073950725407,False
194,"Cricket, Fish, Mosquito",0.0,-0.5544126439407415,False
203,"Cricket, Horse, Mosquito",0.0,-0.8479359684772355,False
195,"Cricket, Fish, Mouse",0.0,-0.9445128207982152,False
196,"Cricket, Fish, Otter",0.0,-0.9451665858771634,False
197,"Cricket, Fish, Pig",0.0,-0.29537773495232306,False
198,"Cricket, Horse, Ant",0.0,-0.9443493789196002,False
199,"Cricket, Horse, Beaver",0.0,-0.7998460501822628,False
200,"Cricket, Horse, Cricket",0.0,-0.8834686274656958,False
201,"Cricket, Horse, Fish",0.0,-0.9432052882048256,False
202,"Cricket, Horse, Horse",0.0,-0.9717258387879679,False
226,"Cricket, Otter, Beaver",0.0,-1.000000000000005,False
228,"Cricket, Otter, Fish",0.0,-0.9450019186631008,False
274,"Fish, Fish, Horse",0.0,-0.38994644328938705,False
229,"Cricket, Otter, Horse",0.0,-0.9727869820102477,False
254,"Fish, Beaver, Cricket",0.0,-0.5682948262527409,False
255,"Fish, Beaver, Fish",0.0,-0.6717707909031365,False
256,"Fish, Beaver, Horse",0.0,-0.7298115551631512,False
257,"Fish, Beaver, Mosquito",0.0,-0.24454312273308693,False
258,"Fish, Beaver, Mouse",0.0,-0.8606439613239325,False
259,"Fish, Beaver, Otter",0.0,-0.8559124944106868,False
261,"Fish, Cricket, Ant",0.0,-0.7743034602993599,False
262,"Fish, Cricket, Beaver",0.0,-0.3294079791339826,False
263,"Fish, Cricket, Cricket",0.0,-0.6929925154227381,False
264,"Fish, Cricket, Fish",0.0,-0.7490517424173888,False
265,"Fish, Cricket, Horse",0.0,-0.4693349425768034,False
266,"Fish, Cricket, Mosquito",0.0,-0.2961522219637861,False
267,"Fish, Cricket, Mouse",0.0,-0.9436138916836104,False
268,"Fish, Cricket, Otter",0.0,-0.9158288283364582,False
269,"Fish, Cricket, Pig",0.0,-0.05262817775037433,False
270,"Fish, Fish, Ant",0.0,-0.36150094630755636,False
271,"Fish, Fish, Beaver",0.0,-0.1315326116305095,False
272,"Fish, Fish, Cricket",0.0,-0.16013953299897749,False
273,"Fish, Fish, Fish",0.0,-0.35988153887199525,False
253,"Fish, Beaver, Beaver",0.0,-0.48344146461877313,False
252,"Fish, Beaver, Ant",0.0,-0.7122456050278987,False
251,"Fish, Ant, Pig",0.0,-0.05442603597956994,False
238,"Cricket, Pig, Horse",0.0,-0.9705817480731986,False
230,"Cricket, Otter, Mosquito",0.0,-0.9344697407196036,False
231,"Cricket, Otter, Mouse",0.0,-1.0000000000000149,False
232,"Cricket, Otter, Otter",0.0,-0.9728687017318207,False
233,"Cricket, Otter, Pig",0.0,-0.9234493189946316,False
234,"Cricket, Pig, Ant",0.0,-1.0000000000000149,False
235,"Cricket, Pig, Beaver",0.0,-0.914276578076193,False
236,"Cricket, Pig, Cricket",0.0,-1.0000000000000149,False
237,"Cricket, Pig, Fish",0.0,-0.9718880553311307,False
239,"Cricket, Pig, Mosquito",0.0,-0.9362907831621049,False
250,"Fish, Ant, Otter",0.0,-0.37490027763007616,False
240,"Cricket, Pig, Mouse",0.0,-1.0000000000000149,False
241,"Cricket, Pig, Otter",0.0,-1.0000000000000149,False
242,"Cricket, Pig, Pig",0.0,-0.6796423401251279,False
243,"Fish, Ant, Ant",0.0,-0.45699443099472925,False
245,"Fish, Ant, Cricket",0.0,-0.2924202843993653,False
247,"Fish, Ant, Horse",0.0,-0.5089826751849894,False
248,"Fish, Ant, Mosquito",0.0,-0.10356402285428018,False
249,"Fish, Ant, Mouse",0.0,-0.8327738352543925,False
728,"Pig, Pig, Pig",0.0,-0.22737853341305217,False
